query,filesize,nchars,nlines,size(eVA),size(d-eVA),size(md-eVA),size(segments),ambiguous,SDFA,REm,REm-U,re2,re2-f,PCRE,PCRE-f,onig,boost,boost-f
"!x{[DEQGSTALMKRH][LIVMFYSTAC][GNQ][LIVMFYAG][DNEKHS]S[LIVMST][^PCFY][STAGCPQLIVMF][LIVMATN][DENQGTAKRHLM][LIVMWSTA][LIVGSTACR][^LPIY][^VY][LIVMFA].{0,100}D[^W][DNS][^ILVFYW][DENSTG][DNQGHRK][^GP][LIVMC][DENQSTAGC].{2}[DE][LIVMFYW]}",37M,38534725,1,265,45,0,2,0,44104,44040,42820,44316,44324,43784,43816,43856,43776,43796
"!x{C.C.{2}[GP][FYW].{4,8}C.{0,100}P.{8,10}[LM]R.[GE][LIVP].GC}",37M,38534725,1,277,82,0,3,1,77168,71736,71660,46820,46812,43784,43820,43832,43492,43476
"!x{C.{2,4}C.{3}[LIVMFYWC].{8}H.{3,5}H.{0,100}C.C.{2}[^V].{2}G[^C].C}",37M,38534725,1,281,206,0,1,1,88924,49648,49612,46772,46780,43796,43796,43856,43524,43448
"!x{[FW][SGNH].[GD][^F][RKHPT][^P]C[LIVMFAP][GAD].{0,100}.G[RK][RK]}",37M,38534725,1,235,142,0,7,0,43264,43268,42940,44160,44164,43800,43848,43836,43776,43800
"!x{C.{2,4}C.{3}[LIVMFYWC].{8}H.{3,5}H.{0,100}RPC.{11}CVS}",37M,38534725,1,291,132,0,1,1,93484,47276,47276,46892,46840,43820,43856,43856,43472,43464
"!x{[RK]{2}.[ST].{0,100}[DNSTAGC][GSTAPIMVQH].{2}G[DE]SG[GS][SAPHV][LIVMFYWH][LIVMFYSTANQH]}",37M,38534725,1,239,139,0,7,0,281424,60424,42988,46780,46800,43776,43772,43788,43772,43796
"!x{C.C.{2}[^V].{2}G[^C].C.{0,100}L.{6}L.{6}L.{6}L}",37M,38534725,1,275,99,0,1,0,67400,58420,43172,46804,46800,43848,43744,43820,43496,43500
"!x{C.[DN].{4}[FY].C.C.{0,100}[FYWHPVAS].{3}C.{3,4}[SG].[FYW].{3}Q.{5,12}[FYW]C[VA].{3,4}[SG]}",37M,38534725,1,303,349,0,9,1,65304,60408,60492,46824,46844,43796,43824,43860,43744,43776
"!x{[RK].{3}[DE].{2}Y.{0,100}L[FYW][QEDH]F[LI][LVQK][^N][LI]L}",37M,38534725,1,241,158,0,5,0,64960,45088,42988,46800,46800,43788,43796,43852,43796,43772
"!x{[RK].{2}[DE].{3}Y.{0,100}H.[LIVMFYW].{8,11}C.{2}C.{3}[LIVMFC].{5,10}C.{2}C.{4}[HD].{2}C.{5,9}C}",37M,38534725,1,331,177,0,4,1,77464,61004,60952,46848,46900,43812,43772,43848,43784,43828
"!x{[DNSTAGC][GSTAPIMVQH].{2}G[DE]SG[GS][SAPHV][LIVMFYWH][LIVMFYSTANQH].{0,100}C.C.{2}[^V].{2}G[^C].C}",37M,38534725,1,255,173,0,2,0,45180,43900,43056,44524,44552,43820,43832,43856,43768,43768
"!x{C.C.{2}[^V].{2}G[^C].C.{0,100}C[LIVMFYATG].{5,12}[WL][^T][DNSR][^C][^LI]C.{5,6}[FYWLIVSTA][LIVMSTA]C}",37M,38534725,1,289,160,0,5,1,68372,66548,66572,46888,46908,43780,43780,43824,43776,43736
"!x{RGD.{0,100}W.C.{2,4}C.{3}N.{6}C.{2}C}",37M,38534725,1,257,266,0,3,1,48528,44652,44568,44728,44724,43772,43820,43832,43416,43460
"!x{[RK]{2}.[ST].{0,100}E[KQ].[SC]H[HR][PG][PL].{1,2}[STACFI][ACGY]}",37M,38534725,1,239,68,0,6,0,177740,46176,43008,46812,46832,43848,43820,43872,43488,43508
"!x{D[^W][DNS][^ILVFYW][DENSTG][DNQGHRK][^GP][LIVMC][DENQSTAGC].{2}[DE][LIVMFYW].{0,100}[AG].{4}GK[ST]}",37M,38534725,1,249,497,0,9,0,56540,50912,43004,46892,46872,43796,43828,43884,43804,43804
"!x{[LIVMFYC][SA][SAPGLVFYKQH]G[DENQMW][KRQASPCLIMFW][KRNQSTAVM][KRACLVM][LIVMFYPAN][^PHY][LIVMFW][SAGCLIVP][^FYWHP][^KRHP][LIVMFYWSTA].{0,100}[GSTALIVMFYWC][GSTANCPDE][^EDPKRH].[^PQ][LIVMNQGA][^RK][^RK][LIVMFT][GSTANC][LIVMFYWSTAC][DENH]R[FYWCSH][^PE].[LIVM]}",37M,38534725,1,271,104,0,5,0,47032,48808,43204,45004,45000,43772,43772,43824,43828,43788
"!x{D[^W][DNS][^ILVFYW][DENSTG][DNQGHRK][^GP][LIVMC][DENQSTAGC].{2}[DE][LIVMFYW].{0,100}F.{2}[^I]GC.{6}[FY].{5}C}",37M,38534725,1,271,83,0,2,0,51256,46504,43080,45876,45920,43856,43816,43884,43784,43776
"!x{[LIVMTR].[LIVMT][LIVMF].[GATMC][ST][NS].{4}[LIVM]D.[AS][LIFAV].{1,2}R.{0,100}[ST].[RK]}",37M,38534725,1,257,510,0,36,0,44932,44128,43016,44452,44540,43736,43816,43824,43772,43792
"!x{RGD.{0,100}C.C.{2}[^V].{2}G[^C].C}",37M,38534725,1,237,417,0,29,0,49652,45956,43020,45096,45096,43800,43780,43820,43464,43484
"!x{.G[RK][RK].{0,100}C[VILMA].{5,6}C[DNH].{3}[DENQHT]C.{3,4}[STADEW][DEH][DE].{1,5}C}",37M,38534725,1,271,619,0,12,1,75076,52296,52300,46800,46768,43812,43792,43844,43800,43768
"!x{[RK].{2}[DE].{3}Y.{0,100}[LM].{2}[LIVMFYWGS][LI].{2}[PEQ][LIVMRF].{2}[LIVM].[KRS].{2}[LT].[LIVM].[DEQN][LIVM].{3}[STM]}",37M,38534725,1,275,305,0,29,0,77516,60496,43176,46912,46896,43828,43772,43792,43772,43788
"!x{[LIVMFY]{3}.G[DEQ][STE]G[STAV]GK.{2}[LIVMFY].{0,100}[RK].{2}[DE].{3}Y}",37M,38534725,1,251,341,0,23,0,43776,43512,42724,44156,44272,43776,43768,43860,43492,43456
"!x{G[^EDRKHPFYW].{2}[STAGCN][^P].{0,100}[LIVM].[SGNL][LIVMN][DAGHENRS][SAGPNVT].[DNEAG][LIVM].[DEAGQ].{4}[LIVM].[LM][SAG][LIVM][LIVMT][WS].{0,1}[LIVM]{2}}",37M,38534725,1,269,2081,0,51,0,2601976,76076,43144,47092,47100,43800,43848,43860,43784,43776
"!x{C[VILMA].{5,6}C[DNH].{3}[DENQHT]C.{3,4}[STADEW][DEH][DE].{1,5}C.{0,100}[RK]{2}.[ST]}",37M,38534725,1,281,1050,0,33,1,55456,46228,46232,46332,46436,43776,43796,43880,43800,43772
"!x{N[^P][ST][^P].{0,100}[FY][^GL].[LIVMA][^IP].{2}[FYWHNT][DENQSA].L.[DN].{3}[KR][^F][^P][FYI]}",37M,38534725,1,255,773,0,14,0,737992,70700,42972,46856,46852,43856,43796,43804,43776,43752
"!x{P.{0,2}[GSTAN][DENQGAPK].[LIVMFP][HT][LIVMYAC]G[HNTG][LIVMFYSTAGPC].{0,100}[RK]{2}.[ST]}",37M,38534725,1,239,310,0,18,0,44104,43576,42976,44384,44376,43820,43772,43828,43488,43468
"!x{[AG].{4}GK[ST].{0,100}[AG].{4}GK[ST]}",37M,38534725,1,239,1122,0,68,0,51260,56452,43004,44860,44900,43772,43772,43876,43488,43480
"!x{N[^P][ST][^P].{0,100}W[QKR][NSD][SA][LIV]RH}",37M,38534725,1,229,446,0,40,0,548492,45384,42988,47040,46968,43808,43796,43876,43800,43792
"!x{RGD.{0,100}[DEQN].[DEQN]{2}C.{3,14}C.{3,7}C.[DN].{4}[FY].C}",37M,38534725,1,287,552,0,26,1,51172,48600,48592,45256,45260,43736,43788,43872,43432,43436
"!x{C[VILMA].{5,6}C[DNH].{3}[DENQHT]C.{3,4}[STADEW][DEH][DE].{1,5}C.{0,100}[RK].{3}[DE].{2}Y}",37M,38534725,1,289,1484,0,10,1,59116,51020,50908,46860,47024,43724,43768,43796,43800,43772
"!x{N[^P][ST][^P].{0,100}HD[LIVMFY].H.[AG].{2}[NQ].[LIVMFY]}",37M,38534725,1,239,244,0,13,0,554024,45952,42944,46984,47008,43788,43836,43824,43760,43772
"!x{[RKHN].{2}M.Y[DENQ].[LIVM][STAG]R[STAG][LI]R.Y.{0,100}.G[RK][RK]}",37M,38534725,1,247,186,0,47,0,43864,43336,42924,44160,44204,43816,43812,43816,43500,43408
"!x{G[^EDRKHPFYW].{2}[STAGCN][^P].{0,100}[YMF].[LK].[SAGNC][LIVMFT].{2}H.G.{4,6}GH[YF]}",37M,38534725,1,259,1026,0,57,0,2252736,58032,42988,47240,47208,43772,43828,43856,43448,43544
"!x{[RK]{2}.[ST].{0,100}W[QKR][NSD][SA][LIV]RH}",37M,38534725,1,229,279,0,55,0,163744,45116,42984,47004,47024,43820,43764,43816,43740,43776
"!x{[LIVMF]HC.{2}G.{2}R[STC][STAGP].{0,100}[ST].[RK]}",37M,38534725,1,235,455,0,469,0,44360,44120,43016,44492,44556,43816,43808,43864,43416,43500
"!x{[DENG][^A][DENQGSTARK].{0,2}[DENQARK][LIVFY][^CP]G[^C]W[FYWLRH][^D][LIVMTA].{0,100}[ST].[RK]}",37M,38534725,1,241,597,0,41,0,45628,43784,42988,44640,44796,43816,43776,43836,43800,43796
"!x{.G[RK][RK].{0,100}C.C.{2}[GP][FYW].{4,8}C}",37M,38534725,1,247,1116,0,120,1,72108,47228,47212,47016,47008,43820,43800,43848,43796,43724
"!x{[GSTALIVN][^PCHR][^KND]HE[LIVMFYW][^DEHRKP]H[^EKPC][LIVMFYWGSPQ].{0,100}G[^EDRKHPFYW].{2}[STAGCN][^P]}",37M,38534725,1,239,1134,0,190,0,47828,44916,42928,45112,45240,43800,43772,43844,43796,43772
"!x{C.{4,6}[FYH].{5,10}C.{0,2}C.{2,3}C.{7,11}C.{4,6}[DNEQSKP][^PD][^CP]C.{0,100}[ST].[RK]}",37M,38534725,1,309,1458,0,54,1,55992,47272,47208,46624,46976,43792,43796,43840,43728,43792
"!x{[KR].{1,3}[RKSAQ]N[^VL].[SAQ]{2}[^L][RKTAENQ].R[^S][RK].{0,100}[ST].[RK]}",37M,38534725,1,245,691,0,86,1,46008,44108,44108,44704,44864,43796,43816,43796,43728,43476
"!x{C.{2}C.{1,2}[DENAVSPHKQT].{5,6}[HNY][FY].{4}C.{2}C.{2}F{2}.R.{0,100}[ST].{2}[DE]}",37M,38534725,1,283,611,0,120,1,45104,45716,45956,44516,44612,43816,43792,43800,43828,43776
"!x{[ST].[RK].{0,100}[LIVMFYC][SA][SAPGLVFYKQH]G[DENQMW][KRQASPCLIMFW][KRNQSTAVM][KRACLVM][LIVMFYPAN][^PHY][LIVMFW][SAGCLIVP][^FYWHP][^KRHP][LIVMFYWSTA]}",37M,38534725,1,243,2085,0,152,0,2789232,52244,43052,46988,47036,43776,43788,43824,43796,43772
"!x{C[VILMA].{5,6}C[DNH].{3}[DENQHT]C.{3,4}[STADEW][DEH][DE].{1,5}C.{0,100}C.[DN].{4}[FY].C.C}",37M,38534725,1,297,2304,0,50,1,58364,49056,49124,46372,46508,43776,43796,43852,43800,43716
"!x{C.{2}C.{4,8}[RHDGSCV][YWFMVIL].[CS].{2,5}[CHEQ].[DNSAGE][YFVLI].[LIVFM]C.{2}C.{0,100}[ST].{2}[DE]}",37M,38534725,1,277,500,0,50,1,45692,44896,44920,44688,44760,43816,43812,43868,43772,43772
"!x{[ST].{2}[DE].{0,100}[GD][VI][LIVM].{0,1}[GS].{5}[FY].[LIVM][FYWL][GS][DNTHKWE][DNTAS][IV][DNTAY].{5}[DEC]}",37M,38534725,1,265,1739,0,78,0,3870564,62852,43036,47096,46956,43792,43784,43904,43768,43800
"!x{G[^EDRKHPFYW].{2}[STAGCN][^P].{0,100}DKTGT[LIVM][TI]}",37M,38534725,1,233,455,0,67,0,1981164,45896,43012,46956,47144,43852,43816,43828,43480,43504
"!x{[LIVMFGA]E[LIMSTAC][GS]G[KNLM][SADN][TAPFV].{0,100}[ST].{2}[DE]}",37M,38534725,1,231,556,0,45,0,44684,44040,42724,44416,44468,43736,43796,43860,43796,43488
"!x{W.C.{2,4}C.{3}N.{6}C.{2}C.{0,100}[ST].[RK]}",37M,38534725,1,257,665,0,66,1,45412,44368,44372,44408,44584,43788,43840,43868,43476,43440
"!x{[LIV]G[^P]G[^P][FYWMGSTNH][SGA][^PW][LIVCAT][^PD].[GSTACLIVMFY].{5,18}[LIVMFYWCSTAR][AIVP][LIVMFAGCKR]K.{0,100}[RK]{2}.[ST]}",37M,38534725,1,283,853,0,312,1,48332,49700,49648,45688,45824,43792,43800,43880,43772,43760
"!x{[FY][^L]C[^PGAD][VA][^LC]H.{0,100}[ST].[RK]}",37M,38534725,1,227,738,0,190,0,45180,44428,43016,44484,44572,43780,43836,43880,43820,43464
"!x{N[^P][ST][^P].{0,100}[LIVMFYC].[HY].D[LIVMFY]K.{2}N[LIVMFYCT]{3}}",37M,38534725,1,241,2098,0,285,0,779448,54936,43044,47180,47160,43760,43800,43852,43776,43772
"!x{[LIVMSTAC][LIVMFYWSTAGC][LIMSTAG][LIVMSTAGC].{2}[DN].[^P][LIVMWSTAC][^DP][LIVMFSTAG]W[DEN][LIVMFSTAGCN].{0,100}G[^EDRKHPFYW].{2}[STAGCN][^P]}",37M,38534725,1,249,2108,0,420,0,58060,47212,42988,45952,46464,43772,43820,43808,43776,43824
"!x{[LIVMFYC].[HY].D[LIVMFY]K.{2}N[LIVMFYCT]{3}.{0,100}[ST].{2}[DE]}",37M,38534725,1,241,1160,0,952,0,48092,46216,43044,45072,45168,43792,43792,43764,43772,43796
"!x{N[^P][ST][^P].{0,100}RGD}",37M,38534725,1,221,830,0,1877,0,567972,45428,43276,47236,47268,43796,43796,43804,43476,43492
"!x{C.{1,2}C.{5,45}[VMFLWIE].C.{1,4}C.{1,4}[WYFVQHLT]H.{2}C.{5,45}[WFLYI].C.{2}C.{0,100}[ST].{2}[DE]}",37M,38534725,1,455,7500,0,267,1,144892,80876,80848,48868,49492,43788,43772,43872,43800,43800
"!x{G[^EDRKHPFYW].{2}[STAGCN][^P].{0,100}[LIV].[LIV].D.ND[NH].P}",37M,38534725,1,241,3818,0,760,0,2469880,55188,43252,47860,47840,43768,43728,43856,43476,43480
"!x{C.C.{2}[^V].{2}G[^C].C.{0,100}C.C.{2}[^V].{2}G[^C].C}",37M,38534725,1,255,2255,0,471,0,57772,48380,43276,44760,44856,43736,43824,43860,43464,43476
"!x{[ST].{2}[DE].{0,100}[AG].{4}GK[ST]}",37M,38534725,1,231,10043,0,3865,0,5061244,76604,44308,47480,47528,43800,43820,43804,43452,43436
"!x{C.[DN].{4}[FY].C.C.{0,100}G[^EDRKHPFYW].{2}[STAGCN][^P]}",37M,38534725,1,243,2394,0,428,0,58360,47808,43212,45180,45456,43816,43796,43836,43772,43792
"!x{C.[DN].{4}[FY].C.C.{0,100}[DEQN].[DEQN]{2}C.{3,14}C.{3,7}C.[DN].{4}[FY].C}",37M,38534725,1,305,6041,0,299,1,67552,55188,55184,45096,45576,43760,43784,43876,43788,43800
"!x{[LIV].[LIV].D.ND[NH].P.{0,100}[ST].[RK]}",37M,38534725,1,235,1066,0,564,0,47800,45100,42988,44780,44880,43800,43764,43868,43464,43464
"!x{C.C.{2}[^V].{2}G[^C].C.{0,100}[ST].{2}[DE]}",37M,38534725,1,239,2000,0,773,0,66564,48068,43256,46424,46696,43768,43736,43852,43780,43796
"!x{[RK]{2}.[ST].{0,100}C.{2,4}C.{3}[LIVMFYWC].{8}H.{3,5}H}",37M,38534725,1,265,6918,0,1820,1,229804,76504,76580,47212,47268,43816,43804,43860,43484,43432
"!x{[RK]{2}.[ST].{0,100}RGD}",37M,38534725,1,221,772,0,943,0,170236,44832,43280,47176,47144,43772,43740,43856,43480,43488
"!x{C.C.{2}[^V].{2}G[^C].C.{0,100}C.{1,2}C.{5}G.{2}C.{2}C.{3,4}[FYW].{3,15}C}",37M,38534725,1,305,3127,0,167,1,61732,53304,53300,46160,46336,43776,43812,43864,43772,43736
"!x{C.C.{2}[GP][FYW].{4,8}C.{0,100}N[^P][ST][^P]}",37M,38534725,1,247,2372,0,657,1,65012,48596,48648,47776,47988,43772,43768,43856,43460,43476
"!x{[LIV].[LIV].D.ND[NH].P.{0,100}N[^P][ST][^P]}",37M,38534725,1,237,1024,0,466,0,47292,44568,43016,44668,44724,43788,43816,43816,43476,43516
"!x{[DEQN].[DEQN]{2}C.{3,14}C.{3,7}C.[DN].{4}[FY].C.{0,100}[ST].[RK]}",37M,38534725,1,287,1449,0,390,1,63112,47276,47272,47136,47648,43760,43772,43800,43448,43452
"!x{[ST].[RK].{0,100}[RK].{3}[DE].{2}Y}",37M,38534725,1,229,10232,0,10587,0,3386080,77388,45912,47128,47132,43772,43824,43864,43440,43448
"!x{G[^EDRKHPFYW].{2}[STAGCN][^P].{0,100}[RK]{2}.[ST]}",37M,38534725,1,227,1667,0,37268,0,2113596,59740,55264,48448,48428,43816,43800,43876,43448,43472
"!x{N[^P][ST][^P].{0,100}C.{2,4}C.{3}[LIVMFYWC].{8}H.{3,5}H}",37M,38534725,1,265,8977,0,2349,1,711976,95192,95164,47272,47292,43792,43832,43832,43760,43800
"!x{[RK]{2}.[ST].{0,100}.G[RK][RK]}",37M,38534725,1,223,823,0,7190,0,174516,46172,44572,47260,47304,43820,43788,43820,43516,43468
"!x{.G[RK][RK].{0,100}[RK]{2}.[ST]}",37M,38534725,1,223,1379,0,7271,0,79376,47752,44248,47208,47228,43792,43792,43784,43452,43472
"!x{[ST].{2}[DE].{0,100}RGD}",37M,38534725,1,221,841,0,4140,0,3672196,46508,44304,47576,47504,43808,43768,43832,43492,43508
"!x{.G[RK][RK].{0,100}[ST].{2}[DE]}",37M,38534725,1,223,2374,0,25173,0,102032,54080,48004,47160,47108,43780,43776,43864,43452,43468
"!x{[RK].{2}[DE].{3}Y.{0,100}[ST].{2}[DE]}",37M,38534725,1,231,2418,0,11634,0,77428,51172,44776,47420,47516,43772,43772,43852,43448,43488
"!x{C.{2,4}C.{3}[LIVMFYWC].{8}H.{3,5}H.{0,100}G[^EDRKHPFYW].{2}[STAGCN][^P]}",37M,38534725,1,269,6001,0,1837,1,117412,57576,57556,49612,49616,43796,43792,43840,43432,43464
"!x{G[^EDRKHPFYW].{2}[STAGCN][^P].{0,100}[RK].{2}[DE].{3}Y}",37M,38534725,1,235,7629,0,8409,0,2513244,70800,45896,48360,48372,43752,43788,43852,43472,43488
"!x{C.{2,4}C.{3}[LIVMFYWC].{8}H.{3,5}H.{0,100}C.{2,4}C.{3}[LIVMFYWC].{8}H.{3,5}H}",37M,38534725,1,307,12420,0,1636,1,116608,77632,77832,47896,49060,43820,43776,43880,43760,43816
"!x{G[^EDRKHPFYW].{2}[STAGCN][^P].{0,100}[RK].{3}[DE].{2}Y}",37M,38534725,1,235,9270,0,8033,0,2658092,76372,44308,48460,48380,43796,43848,43804,43436,43496
"!x{.G[RK][RK].{0,100}G[^EDRKHPFYW].{2}[STAGCN][^P]}",37M,38534725,1,227,6351,0,19891,0,96848,61520,46128,47188,47160,43776,43824,43780,43796,43784
"!x{.G[RK][RK].{0,100}[ST].[RK]}",37M,38534725,1,221,1213,0,24144,0,88520,50440,47416,46968,47076,43856,43804,43856,43508,43480
"!x{[ST].{2}[DE].{0,100}L.{6}L.{6}L.{6}L}",37M,38534725,1,259,58716,0,4938,0,5806556,316720,45936,47484,47592,43788,43796,43804,43496,43460
"!x{[RK].{2}[DE].{3}Y.{0,100}G[^EDRKHPFYW].{2}[STAGCN][^P]}",37M,38534725,1,235,4743,0,8758,0,79440,55460,44304,47800,48040,43788,43820,43840,43776,43792
"!x{[ST].[RK].{0,100}L.{6}L.{6}L.{6}L}",37M,38534725,1,257,49935,0,5000,0,4218336,299628,44400,47216,47248,43820,43772,43876,43460,43472
"!x{[ST].[RK].{0,100}N[^P][ST][^P]}",37M,38534725,1,221,1807,0,74310,0,2584428,90104,80956,47268,47228,43844,43776,43804,43448,43440
"!x{N[^P][ST][^P].{0,100}[ST].[RK]}",37M,38534725,1,221,1235,0,91921,0,720244,76816,69576,47272,47272,43776,43816,43836,43500,43508
"!x{G[^EDRKHPFYW].{2}[STAGCN][^P].{0,100}G[^EDRKHPFYW].{2}[STAGCN][^P]}",37M,38534725,1,231,12608,0,76792,0,1999644,171664,124240,48388,48408,43752,43820,43856,43452,43476
"!x{[ST].{2}[DE].{0,100}G[^EDRKHPFYW].{2}[STAGCN][^P]}",37M,38534725,1,227,11800,0,86209,0,4289684,157104,118048,47596,47644,43800,43788,43820,43764,43796
"!x{N[^P][ST][^P].{0,100}N[^P][ST][^P]}",37M,38534725,1,223,1812,0,49458,0,556400,69320,62476,44656,44892,43716,43816,43884,43484,43484
"!x{[RK]{2}.[ST].{0,100}G[^EDRKHPFYW].{2}[STAGCN][^P]}",37M,38534725,1,227,8186,0,40388,0,236928,71516,52428,47380,47284,43800,43796,43856,43776,43800
"!x{N[^P][ST][^P].{0,100}G[^EDRKHPFYW].{2}[STAGCN][^P]}",37M,38534725,1,227,9921,0,78942,0,750216,91352,67436,47336,47368,43812,43772,43760,43772,43768
"!x{[RK]{2}.[ST].{0,100}[ST].{2}[DE]}",37M,38534725,1,223,2401,0,52815,0,251348,64104,54956,47360,47372,43796,43796,43860,43444,43500
"!x{G[^EDRKHPFYW].{2}[STAGCN][^P].{0,100}[ST].[RK]}",37M,38534725,1,225,1519,0,106291,0,2398016,113872,96152,48516,48548,43816,43816,43864,43464,43452
"!x{[ST].[RK].{0,100}G[^EDRKHPFYW].{2}[STAGCN][^P]}",37M,38534725,1,225,11681,0,95279,0,2935068,140160,96156,47204,47288,43844,43816,43844,43532,43476
"!x{[ST].{2}[DE].{0,100}[RK]{2}.[ST]}",37M,38534725,1,223,1435,0,39706,0,3894736,71664,67332,47584,47540,43812,43776,43852,43436,43480
"!x{G[^EDRKHPFYW].{2}[STAGCN][^P].{0,100}[ST].{2}[DE]}",37M,38534725,1,227,2699,0,109526,0,2634168,128164,122836,48536,48472,43768,43796,43820,43488,43444
"!x{[ST].[RK].{0,100}[RK]{2}.[ST]}",37M,38534725,1,221,1415,0,40349,0,2612428,71348,67328,47208,47164,43772,43772,43824,43436,43456
"!x{[RK]{2}.[ST].{0,100}[ST].[RK]}",37M,38534725,1,221,1221,0,50131,0,216228,58976,54996,47228,47232,43820,43820,43808,43456,43508
"!x{G[^EDRKHPFYW].{2}[STAGCN][^P].{0,100}N[^P][ST][^P]}",37M,38534725,1,227,2102,0,69772,0,2129196,80624,67524,48520,48492,43828,43752,43824,43460,43404
"!x{N[^P][ST][^P].{0,100}[ST].{2}[DE]}",37M,38534725,1,223,2415,0,95974,0,811616,86036,80940,47364,47304,43816,43736,43752,43472,43400
"!x{[ST].{2}[DE].{0,100}N[^P][ST][^P]}",37M,38534725,1,223,1827,0,68887,0,3854852,97020,92120,47604,47632,43820,43772,43828,43500,43444
